i,j,x
2,20,1
3,15,1
4,21,1
5,1,1
5,19,1
5,20,2
5,65,1
7,19,1
8,1,1
8,7,1
8,8,1
8,21,2
9,24,1
9,64,1
11,23,1
13,19,1
14,8,1
15,7,1
15,8,1
15,20,3
15,62,1
16,20,1
17,20,1
17,51,1
18,60,1
19,7,1
19,8,1
19,20,2
20,19,2
20,52,2
22,1,1
22,15,1
23,1,1
23,7,1
24,19,1
24,52,1
25,19,1
26,52,1
27,7,1
28,19,1
28,20,1
28,52,1
29,14,1
29,33,1
30,17,1
31,23,1
32,19,1
32,23,1
32,52,1
33,20,1
34,17,1
34,23,1
34,41,1
36,16,1
37,7,1
37,8,1
37,20,3
37,23,1
37,62,1
39,17,1
39,20,1
39,26,1
39,57,1
39,64,1
40,1,1
41,20,1
41,64,1
42,4,1
43,1,1
43,18,1
43,19,1
43,20,1
43,52,1
43,53,1
44,2,1
45,20,1
45,23,1
45,27,1
47,19,1
47,23,2
48,8,1
50,15,1
50,20,1
51,25,1
52,20,1
53,4,1
53,19,1
53,20,1
55,1,1
56,19,1
57,19,1
57,22,1
58,6,1
58,12,1
59,46,1
59,63,1
60,12,1
60,27,1
61,7,2
61,8,1
61,20,4
61,62,1
63,20,1
63,44,1
63,62,1
65,1,1
65,16,1
67,1,1
67,18,1
67,19,1
67,20,1
67,22,1
67,51,1
70,19,1
73,26,1
74,1,1
74,7,1
74,18,1
74,62,1
75,17,1
77,8,1
77,26,1
78,6,1
78,19,1
79,20,1
79,33,1
80,9,1
80,17,1
80,64,1
81,19,1
82,1,2
82,18,1
82,39,1
82,52,1
83,20,1
84,19,1
84,23,1
84,24,1
84,44,1
85,33,1
86,1,1
86,18,1
86,19,1
87,22,1
87,32,1
88,1,1
88,18,1
89,23,1
89,40,1
90,17,1
91,1,1
91,20,1
92,20,2
93,19,1
93,31,1
94,23,1
94,26,1
95,31,1
97,64,1
98,16,1
98,23,1
99,6,1
99,10,1
100,17,1
100,20,1
100,64,1
101,7,1
102,20,1
103,12,1
103,51,1
104,1,1
104,18,1
105,8,1
106,20,1
106,21,1
107,19,1
108,1,1
108,18,1
108,20,2
108,26,2
108,52,4
110,19,1
110,20,1
110,26,1
111,19,1
112,20,1
113,20,1
114,15,1
114,20,1
114,43,1
115,9,1
115,19,1
115,20,1
116,18,1
116,20,1
117,4,1
117,17,1
117,20,1
117,27,1
118,61,1
119,6,1
119,24,1
120,8,2
121,20,1
121,52,1
122,6,1
122,10,1
123,17,1
124,7,1
124,8,1
124,20,3
124,62,1
125,16,1
126,17,1
126,19,1
129,1,1
129,7,1
129,20,1
129,53,1
130,19,1
130,26,1
131,16,1
132,6,1
132,8,2
133,19,1
133,38,1
134,26,1
134,51,1
136,20,2
136,23,1
137,23,1
138,19,1
138,26,1
141,17,1
141,20,1
142,20,1
143,20,1
143,26,1
144,20,1
144,33,1
146,15,1
147,1,1
147,18,1
147,39,1
148,23,1
148,46,1
148,63,1
149,51,1
150,49,1
151,29,1
152,20,1
153,8,1
153,23,1
153,29,1
153,35,1
154,12,1
154,16,1
155,17,1
155,26,1
156,6,1
156,10,1
157,19,1
157,20,1
158,1,1
158,21,9
158,33,1
159,31,1
159,60,1
160,19,1
161,20,1
161,23,1
162,22,1
162,32,1
163,33,1
164,1,1
164,18,1
164,20,1
164,33,1
165,8,1
165,9,1
165,20,1
165,35,1
167,6,1
167,15,1
168,6,1
168,7,1
168,20,1
169,43,1
173,1,1
173,18,1
173,20,1
173,45,1
173,52,1
174,20,2
175,18,1
175,20,1
176,1,1
176,18,1
176,19,2
176,31,1
176,52,2
177,20,1
177,64,1
178,20,1
180,1,1
180,20,1
180,27,2
181,1,1
181,18,1
182,51,1
183,18,1
183,20,1
183,24,1
184,16,1
185,20,1
186,6,1
186,17,1
187,22,1
188,18,1
188,20,1
188,38,1
191,20,1
191,33,2
192,6,1
192,10,1
193,1,1
194,1,1
194,18,1
195,19,1
195,24,1
195,26,1
196,6,1
196,10,1
197,1,1
198,1,1
198,17,1
198,19,2
199,15,1
200,17,1
200,20,1
201,7,1
201,8,1
201,20,3
201,62,1
202,16,1
203,15,1
203,20,1
203,23,1
203,32,1
204,6,1
204,7,1
204,20,1
205,21,2
205,24,1
205,64,1
207,6,1
210,19,1
210,22,1
210,24,1
210,26,1
211,17,1
211,39,1
212,1,2
212,9,1
212,18,1
212,20,1
212,37,1
212,39,2
213,17,1
213,26,1
213,41,1
213,64,1
214,43,1
214,57,1
215,6,1
216,7,1
216,8,1
216,20,2
216,62,1
217,19,1
217,38,1
218,1,1
218,18,1
218,20,1
218,23,1
218,51,1
219,6,1
219,10,1
221,24,1
221,26,1
222,7,1
222,19,1
223,19,1
223,38,1
224,6,1
224,26,1
225,1,1
226,1,1
226,17,1
226,20,1
227,1,1
227,20,1
229,19,1
229,26,1
229,52,1
229,64,1
230,15,1
230,17,1
230,20,1
230,41,1
230,56,2
231,2,1
232,24,1
233,28,1
235,18,1
235,20,1
235,38,1
237,17,1
237,20,1
238,23,1
240,14,1
241,15,1
241,16,1
241,23,1
241,26,1
242,17,1
242,20,1
242,23,1
242,41,1
245,20,1
245,39,1
246,6,1
246,17,1
246,29,1
247,16,1
247,17,1
247,23,1
249,20,1
250,22,1
252,1,2
252,20,1
253,1,1
253,18,1
254,19,1
254,23,2
254,39,1
256,1,1
256,15,1
256,18,1
256,20,1
257,1,1
257,18,1
257,33,1
257,44,1
258,1,1
258,20,1
258,21,1
258,23,1
259,20,1
259,52,1
260,23,1
263,16,1
264,19,1
264,20,1
265,1,1
265,18,1
265,19,1
265,20,1
265,24,1
266,20,2
266,52,2
267,1,1
267,17,1
267,18,1
267,19,1
268,12,1
268,20,1
268,21,1
268,23,1
268,46,1
268,63,1
271,1,1
271,21,3
271,33,1
271,51,1
271,54,1
272,20,1
272,26,1
272,27,1
273,17,1
273,20,1
273,23,1
274,20,1
274,23,1
275,35,1
276,17,1
276,58,1
277,17,1
278,33,1
279,20,1
280,1,1
280,12,1
280,14,1
280,35,1
282,23,1
283,20,1
284,20,1
286,23,2
286,32,1
287,20,2
287,51,1
287,64,1
288,19,1
289,19,2
290,8,1
290,29,1
291,20,2
291,41,1
292,1,1
292,52,1
293,20,1
293,22,1
294,1,1
294,15,1
294,18,1
294,20,1
295,26,1
295,40,1
295,47,1
295,57,1
296,7,1
297,1,1
297,20,1
298,26,1
300,7,1
300,8,1
300,20,3
300,62,1
301,19,1
302,2,1
302,20,1
303,20,1
303,26,1
303,60,1
304,1,1
304,19,1
304,20,1
304,39,1
305,6,1
305,10,1
306,20,1
307,19,1
307,20,1
307,35,1
308,8,1
308,51,1
309,8,1
309,20,1
309,46,1
309,58,1
309,63,1
310,1,1
311,20,2
311,26,2
312,39,1
313,1,1
313,18,1
313,20,2
313,52,1
314,24,1
315,6,1
315,17,1
315,43,1
316,20,1
316,25,1
317,20,2
317,26,2
317,31,1
317,43,1
319,4,1
319,35,1
320,17,1
320,40,1
320,41,1
321,20,2
321,27,1
322,15,1
324,7,1
324,8,1
324,20,3
324,62,1
325,1,1
325,17,1
325,19,1
325,46,1
325,60,1
325,63,1
326,6,1
326,10,1
327,31,1
328,17,1
329,20,1
329,46,1
329,63,1
330,17,1
330,20,1
330,39,1
331,35,1
332,20,2
333,1,1
333,8,1
333,14,1
333,28,1
334,1,1
335,6,1
336,23,1
336,39,1
337,21,1
337,33,1
337,46,1
337,63,1
338,6,1
338,10,1
339,1,1
339,7,1
339,18,1
339,62,1
340,24,1
340,37,1
341,20,1
342,16,1
343,27,1
343,35,1
347,19,1
348,35,1
349,20,1
349,27,1
349,33,1
349,54,1
350,20,1
351,19,1
351,20,1
351,45,1
352,7,1
352,22,2
353,7,3
356,19,1
357,7,1
357,18,1
357,20,1
357,47,1
357,57,1
358,1,1
358,22,1
359,20,1
359,23,1
359,31,1
359,38,1
360,1,1
360,7,1
360,20,1
360,29,1
361,1,1
362,20,1
363,1,2
363,18,1
363,19,1
363,20,1
364,17,1
364,64,1
365,23,1
365,39,1
366,6,1
366,10,1
367,20,1
368,43,1
368,57,1
370,19,2
371,15,1
371,26,1
372,29,1
373,52,1
375,64,1
376,22,1
376,32,1
377,17,1
378,12,1
378,14,1
379,9,1
379,11,1
379,57,1
381,17,1
381,19,1
381,20,1
382,14,1
382,20,1
382,26,1
383,19,1
383,24,1
384,1,1
384,18,1
384,20,1
385,19,2
386,15,1
387,20,1
388,22,1
388,32,1
389,38,1
390,19,1
390,20,2
391,1,2
391,18,1
391,39,1
392,1,1
392,16,1
392,17,1
392,18,1
392,19,1
392,20,1
392,52,1
393,20,1
393,52,1
394,17,1
395,1,1
396,6,1
396,10,1
399,16,1
400,8,1
400,26,1
401,20,1
401,46,1
401,63,1
402,19,1
403,20,1
404,4,1
404,19,1
404,26,1
404,61,1
405,20,1
405,51,1
406,2,1
407,19,1
408,1,1
409,1,1
410,35,1
411,1,1
412,2,1
412,19,1
414,13,1
414,14,1
414,23,1
416,19,1
416,20,2
416,26,1
418,17,1
418,19,1
419,20,1
419,24,1
420,17,1
420,20,1
420,43,1
421,39,1
421,47,1
422,17,1
422,43,1
423,22,1
423,32,1
424,17,1
424,23,1
424,26,1
424,61,1
425,41,1
426,15,1
426,20,1
426,23,1
427,6,1
427,10,1
428,20,1
429,6,1
429,10,1
430,9,1
431,23,1
432,6,1
432,9,1
433,52,1
434,20,1
435,7,1
435,9,1
435,16,1
437,31,1
437,60,1
438,16,1
438,20,1
439,17,1
439,39,1
440,20,1
441,1,1
441,24,1
442,1,1
442,2,1
442,20,1
444,22,1
444,32,1
446,16,1
447,17,1
448,22,1
448,32,1
449,26,1
450,1,1
450,17,1
450,18,1
450,19,1
450,20,1
450,39,1
451,2,1
452,20,1
454,26,1
454,59,1
455,18,1
455,19,1
455,20,1
456,21,1
457,33,1
457,40,1
458,20,1
458,33,1
458,49,1
459,7,1
459,9,1
462,6,1
462,26,1
462,51,1
464,6,1
464,15,1
464,64,1
465,26,1
465,61,1
466,19,1
467,43,1
467,57,1
469,19,1
469,20,1
470,6,1
470,10,1
471,19,1
471,20,1
475,12,1
475,35,1
475,57,1
476,17,1
476,20,1
477,1,2
477,18,1
477,22,1
478,26,1
478,60,1
479,1,1
479,4,1
479,20,1
480,14,1
481,6,1
481,18,1
481,19,1
481,33,1
481,46,1
481,63,1
482,1,1
482,2,1
482,6,1
482,19,1
484,19,1
484,52,1
485,22,1
488,15,1
488,20,1
490,15,1
491,22,1
493,1,1
493,54,1
494,46,1
494,53,1
494,54,1
494,55,1
494,63,1
495,19,2
495,20,1
495,52,1
496,19,1
498,19,2
498,20,1
499,12,1
499,16,1
499,20,1
500,1,1
500,52,1
501,46,1
501,63,1
503,17,1
503,39,1
504,7,1
504,20,1
504,22,1
505,19,2
505,24,1
505,39,1
506,19,1
508,1,1
508,20,1
508,26,1
508,44,1
509,8,1
509,20,1
512,9,1
512,14,1
512,20,1
512,40,1
514,24,1
514,64,1
515,43,1
516,17,1
516,19,1
516,20,1
516,39,1
516,64,1
517,35,1
517,37,1
518,1,1
519,21,1
520,23,1
521,6,1
521,19,2
521,24,1
522,38,1
523,22,1
523,32,1
524,20,1
525,19,1
525,20,1
525,24,1
526,17,1
526,19,1
528,6,1
528,10,1
529,6,1
529,10,1
530,19,1
530,20,1
530,23,1
531,65,1
532,20,1
532,21,1
532,51,1
532,60,1
534,6,1
536,20,1
538,20,1
539,19,1
539,43,1
539,57,1
540,18,1
540,20,1
543,16,1
544,1,1
544,20,2
544,26,1
544,60,1
546,22,1
546,24,1
547,4,1
547,20,2
548,1,1
548,17,1
548,19,1
548,22,1
550,23,1
551,33,1
552,23,1
553,16,1
554,1,1
554,24,1
554,64,1
555,36,1
556,22,1
556,32,1
557,22,1
558,19,1
559,21,1
561,20,1
561,32,1
562,7,1
562,9,1
562,29,1
562,51,1
563,1,1
563,20,1
563,22,1
563,32,1
563,60,1
565,6,1
565,10,1
566,1,1
567,16,1
567,21,2
567,23,1
568,1,1
568,2,1
568,18,1
569,20,2
569,43,1
569,57,1
570,1,1
570,10,1
570,40,1
571,22,1
571,32,1
572,19,1
572,20,2
573,20,1
573,23,1
574,18,1
574,19,1
574,24,1
575,23,2
576,23,1
576,43,1
576,60,1
577,6,1
577,22,1
577,26,2
577,52,1
579,19,1
579,24,1
580,19,1
580,38,1
581,19,1
581,20,1
582,36,1
583,60,1
584,19,1
585,1,1
585,17,1
585,18,1
585,19,1
586,33,1
586,46,1
586,63,1
587,1,1
587,8,1
587,18,1
587,64,1
588,35,1
589,60,1
589,61,1
590,20,1
590,65,1
592,1,1
592,18,1
592,19,1
592,20,1
593,23,1
593,60,1
595,9,1
595,19,1
595,20,1
595,23,1
596,7,1
596,8,1
596,20,3
596,62,1
598,1,1
599,52,1
600,20,1
601,1,1
601,6,1
602,16,1
603,1,1
603,18,1
603,20,1
603,31,1
606,20,1
608,21,4
609,23,1
609,27,1
610,18,1
610,20,1
611,20,1
611,51,1
612,19,1
613,13,1
613,23,1
613,33,1
613,42,1
613,57,1
614,20,1
614,23,1
614,40,1
615,19,1
616,1,1
616,9,1
617,20,1
617,23,1
617,26,1
618,1,1
618,18,1
618,19,1
618,35,1
618,44,1
619,7,1
619,8,1
619,20,2
619,62,1
620,20,2
620,23,1
621,20,1
622,6,1
622,10,1
623,1,1
623,17,1
623,20,1
623,41,1
623,55,1
624,16,1
625,20,1
625,24,1
626,23,1
627,17,1
628,8,1
628,20,1
628,51,1
629,1,1
629,20,1
629,24,1
629,26,1
629,60,1
630,7,1
630,8,1
630,20,4
630,62,1
631,1,1
631,20,1
631,21,9
631,23,1
631,33,1
632,1,1
632,12,1
632,14,1
632,52,1
632,61,1
633,15,1
634,20,1
635,20,1
638,39,1
639,1,1
640,20,1
640,59,1
641,17,1
641,64,1
642,7,2
642,8,1
642,20,4
642,62,1
643,18,1
643,20,1
643,23,2
644,18,1
647,39,1
648,1,1
648,8,1
648,20,1
648,52,1
649,19,1
650,40,1
651,14,1
651,26,1
652,20,1
652,23,1
654,6,1
654,10,1
655,33,1
655,46,1
655,63,1
656,7,1
656,60,1
657,12,1
657,14,1
659,20,1
660,1,1
660,21,1
660,23,1
661,23,1
661,26,1
662,20,1
663,20,1
664,15,1
665,20,1
668,39,1
668,43,1
669,20,1
671,1,1
671,20,1
672,16,1
673,19,1
674,11,1
674,47,1
675,9,1
675,20,1
676,23,1
677,1,1
677,15,1
677,18,1
677,20,1
677,32,1
678,20,1
678,26,1
678,61,1
679,16,1
680,7,1
681,1,1
681,19,1
681,22,1
682,20,1
682,26,1
684,20,1
685,52,1
686,20,2
686,33,1
688,20,1
689,6,1
690,7,1
690,8,1
690,20,2
690,62,1
691,26,1
692,57,1
693,7,1
693,22,1
694,12,1
694,21,1
694,23,1
694,46,1
694,63,1
695,6,1
695,17,1
696,6,1
696,19,1
697,20,1
697,23,1
698,6,1
698,10,1
699,17,1
699,44,1
701,7,1
702,20,1
703,21,1
703,23,2
703,57,1
704,20,1
706,24,1
707,20,1
708,17,1
708,39,1
710,1,2
710,18,1
710,19,1
710,20,2
710,24,1
713,19,2
713,20,1
714,16,1
714,20,1
715,19,1
716,33,1
716,46,1
716,63,1
717,20,1
717,26,1
717,40,1
717,60,1
718,19,1
718,20,2
719,22,1
719,32,1
720,1,1
720,7,1
720,18,1
720,62,1
721,19,1
721,52,1
722,35,1
723,62,1
725,20,1
725,35,1
726,43,1
728,1,1
728,18,1
728,20,1
728,39,1
728,52,2
729,19,1
729,31,1
730,1,1
730,18,1
730,20,1
730,33,1
731,43,1
731,57,1
732,1,1
732,18,1
732,20,2
733,65,1
734,20,1
734,49,1
735,15,1
735,61,1
736,6,1
736,10,1
742,1,1
742,7,1
742,29,1
743,21,2
744,20,1
745,26,1
745,34,1
745,57,1
746,6,1
746,10,1
747,6,1
747,10,1
748,23,1
750,33,1
750,50,1
751,9,1
751,51,1
752,32,1
754,41,1
754,64,1
755,6,1
755,10,1
756,1,1
756,20,1
756,26,1
756,36,1
756,61,1
757,8,2
759,16,1
760,19,1
761,1,1
761,19,1
761,49,1
762,1,1
762,20,1
762,23,1
762,29,1
763,19,1
763,20,2
764,17,1
765,52,1
766,1,1
768,6,1
768,10,1
769,20,1
769,23,1
769,51,1
770,1,1
770,17,1
770,18,1
770,20,1
771,7,1
771,8,1
771,20,3
771,62,1
773,19,1
773,31,1
774,7,1
774,8,1
774,20,2
774,62,1
775,20,1
775,64,1
776,17,1
777,7,1
777,23,1
778,24,1
778,26,1
778,59,1
779,6,1
779,10,1
780,8,1
780,10,1
782,51,1
783,44,1
783,62,1
784,39,1
785,15,1
785,19,1
785,24,1
786,1,1
786,15,1
786,18,1
787,31,1
788,16,1
788,56,1
790,6,1
790,10,1
793,6,1
793,10,1
794,15,1
794,20,2
795,19,1
795,20,1
795,23,2
796,19,2
796,20,1
797,6,1
797,19,1
797,24,1
798,20,1
798,26,1
799,15,1
799,20,1
799,32,1
800,6,1
800,17,1
800,43,1
804,15,1
804,20,1
805,8,1
805,21,2
806,6,1
806,7,1
807,8,1
807,33,1
807,46,1
807,63,1
808,17,1
808,19,1
808,20,1
808,26,1
809,20,1
811,23,1
812,16,1
813,16,1
813,23,1
813,51,1
815,35,1
816,6,1
816,10,1
817,19,1
817,20,1
817,24,1
817,26,1
817,31,1
817,43,1
818,24,1
819,1,1
819,16,1
819,18,1
819,20,1
819,43,1
822,8,1
822,20,1
823,1,1
824,33,1
825,1,1
826,10,1
826,14,1
826,61,1
828,6,1
828,10,1
829,1,1
829,7,1
829,18,1
829,62,1
830,17,1
830,20,1
830,39,1
831,6,1
831,7,1
831,26,1
831,62,1
832,8,1
832,20,1
832,23,1
833,20,1
834,17,1
834,19,1
834,20,1
835,33,1
836,6,1
836,10,1
837,12,1
837,14,1
838,16,1
838,29,1
839,40,1
840,6,1
840,10,1
841,26,1
842,35,1
844,20,1
845,20,1
846,33,1
846,34,1
847,6,1
847,10,1
848,9,1
849,20,1
851,19,1
851,20,1
852,6,1
853,17,1
853,20,1
854,18,1
856,17,1
856,20,1
857,19,1
857,20,1
857,64,1
858,17,1
858,19,1
858,20,1
859,22,1
859,32,1
861,15,1
861,32,1
861,59,1
862,52,1
863,44,1
863,62,1
865,4,1
865,19,1
866,39,1
867,15,1
867,20,1
867,57,1
869,6,1
869,17,1
869,22,1
870,31,1
872,7,1
872,8,1
872,20,3
872,62,1
873,17,1
874,20,1
876,43,1
877,1,1
878,13,1
878,14,1
878,23,2
879,23,2
879,51,1
880,19,1
881,20,1
882,23,1
885,26,1
885,51,1
886,1,1
886,17,1
887,24,1
888,27,1
889,9,1
889,37,1
890,20,1
891,20,1
892,2,1
894,17,1
895,15,1
895,19,1
895,20,1
896,23,1
897,1,1
897,15,1
897,18,1
897,20,1
898,7,1
899,8,2
900,16,1
902,1,1
902,16,1
902,17,1
902,18,1
902,19,1
902,20,1
902,52,1
904,1,1
904,2,1
904,20,2
904,48,1
905,20,1
905,23,1
905,39,1
905,64,1
906,17,1
907,1,1
908,52,1
909,51,1
910,19,1
912,20,1
912,22,1
913,22,1
913,32,1
914,6,1
914,10,1
915,39,1
916,6,1
916,10,1
918,16,1
919,21,1
919,46,1
919,54,1
919,63,1
920,33,1
920,46,1
920,63,1
921,33,1
921,46,1
921,63,1
922,17,1
922,64,1
923,22,1
923,32,1
924,7,1
924,46,1
924,63,1
925,1,1
925,4,2
925,20,1
926,1,1
926,20,1
926,26,1
927,1,2
927,18,1
927,20,1
928,7,1
928,8,1
928,20,3
928,62,1
929,17,1
929,18,1
929,20,1
929,39,3
930,6,1
930,19,1
931,51,1
932,8,1
932,17,1
934,20,1
934,24,1
934,64,1
935,6,1
935,24,1
936,20,1
936,21,1
936,41,1
937,18,1
937,20,2
937,52,1
938,19,1
938,20,2
938,26,1
939,20,2
939,51,1
940,22,1
940,32,1
941,23,1
941,58,2
942,23,1
944,1,1
945,6,1
945,10,1
946,1,1
947,1,1
947,18,1
947,20,1
948,16,1
950,1,1
950,8,1
951,4,1
951,20,1
952,1,2
952,18,1
952,19,1
952,24,1
953,1,1
953,7,1
953,10,1
953,20,1
954,1,1
954,18,1
954,24,1
954,64,1
955,33,2
956,16,1
957,1,1
957,12,1
957,14,1
958,53,1
959,1,1
959,20,1
959,24,1
959,26,1
960,23,1
960,31,1
961,20,1
961,51,1
962,7,1
963,54,1
964,10,1
966,14,1
967,19,1
967,26,1
968,1,1
968,18,1
969,16,1
969,23,1
970,1,1
970,19,2
970,20,1
970,52,1
970,64,1
971,1,1
971,19,1
972,6,1
972,10,1
973,52,1
974,19,2
975,19,1
975,45,1
975,52,1
976,20,1
977,23,1
978,8,1
978,9,1
980,1,2
980,18,1
980,19,1
980,20,2
980,24,1
981,17,1
981,23,1
982,1,1
983,14,1
984,17,1
984,19,1
984,23,1
985,20,1
985,59,1
986,1,1
986,17,1
986,18,1
986,19,1
986,20,1
986,35,1
986,41,1
987,6,1
987,10,1
988,20,1
989,24,1
989,26,1
990,20,1
990,52,1
992,19,1
992,41,1
992,64,1
993,1,1
993,24,1
994,17,1
994,19,1
994,20,1
996,19,2
996,47,1
997,1,1
998,19,2
998,20,1
1000,23,1
1000,40,1
1001,17,1
1001,29,1
1002,7,1
1002,29,1
1003,16,1
1005,19,1
1006,43,1
1006,57,1
1007,19,1
1007,20,1
1008,12,1
1008,17,1
1009,12,1
1010,1,1
1010,8,1
1010,23,1
1010,33,1
1010,46,1
1010,54,1
1010,63,1
1013,17,1
1013,19,1
1014,7,1
1014,8,1
1014,20,3
1014,23,1
1014,62,1
1015,17,2
1015,19,1
1016,6,1
1016,10,1
1017,1,1
1017,19,1
1017,45,1
1017,52,1
1018,17,1
1018,23,1
1018,51,1
1018,60,1
1019,31,1
1019,60,1
1020,17,1
1020,19,1
1020,20,1
1021,20,1
1021,23,1
1022,7,1
1023,1,1
1023,15,1
1023,18,1
1023,20,1
1023,32,1
1024,43,1
1025,15,1
1025,20,2
1025,32,1
1026,43,1
1027,20,2
1028,7,1
1028,8,1
1028,20,2
1028,62,1
1029,20,1
1029,23,1
1029,43,1
1030,9,1
1030,17,1
1030,20,1
1030,64,1
1031,1,1
1031,20,1
1031,23,1
1031,33,1
1031,49,1
1032,20,1
1033,7,1
1033,20,1
1033,23,1
1033,29,1
1033,32,1
1033,43,1
1034,1,1
1034,18,1
1034,33,1
1035,26,1
1036,7,1
1036,8,1
1036,20,3
1036,62,1
1037,7,1
1038,24,1
1038,64,1
1039,17,1
1040,7,1
1040,8,1
1040,20,3
1040,62,1
1041,20,1
1041,22,1
1041,32,1
1041,53,1
1042,1,1
1042,2,1
1044,1,1
1044,7,1
1044,20,1
1044,23,1
1045,26,1
1046,15,1
1048,1,1
1048,18,1
1048,20,2
1048,26,2
1048,52,4
1049,24,1
1050,6,1
1050,10,1
1051,51,1
1052,20,1
1053,9,1
1053,19,1
1053,20,1
1053,26,1
1055,20,1
1055,24,1
1055,26,1
1056,1,1
1056,17,1
1056,18,1
1056,20,1
1058,20,1
1058,51,1
1059,26,1
1060,15,1
1060,20,1
1061,33,1
1062,16,1
1063,51,1
1065,6,1
1065,10,1
1066,22,1
1066,32,1
1068,20,1
1068,43,1
1069,20,1
1069,25,1
1071,1,1
1071,20,1
1071,39,1
1071,43,1
1072,1,1
1072,23,1
1072,33,1
1072,57,1
1073,6,1
1073,10,1
1074,15,1
1074,20,1
1075,20,1
1075,26,1
1076,22,1
1076,32,1
1077,23,1
1077,31,1
1078,18,1
1078,20,1
1078,23,1
1078,26,1
1078,46,1
1078,63,1
1079,16,1
1080,6,1
1080,17,1
1080,19,1
1081,33,1
1081,46,1
1081,63,1
1082,9,1
1082,11,1
1082,20,1
1083,16,1
1083,23,1
1083,56,1
1084,18,1
1084,20,2
1084,52,1
1085,9,1
1086,20,2
1087,21,1
1087,33,1
1088,10,1
1088,17,1
1088,18,1
1088,20,1
1088,24,1
1089,1,1
1089,18,1
1089,20,1
1089,33,1
1090,24,1
1091,1,2
1091,20,1
1091,26,1
1092,38,1
1095,7,1
1096,15,1
1096,20,1
1097,17,1
1097,19,1
1097,20,1
1098,1,1
1098,9,1
1098,12,1
1098,16,1
1098,19,1
1098,23,1
1098,51,1
1100,19,1
1100,20,1
1100,23,1
1100,52,1
1103,1,1
1103,4,1
1103,26,2
1103,57,1
1104,16,1
1104,20,1
1105,2,1
1106,20,1
1108,15,1
1108,23,1
1108,26,1
1108,52,1
1110,22,1
1111,1,1
1111,20,1
1111,57,1
1112,23,1
1113,32,1
1114,19,1
1115,23,1
1115,26,1
1118,7,1
1118,8,1
1118,19,1
1118,20,1
1118,62,1
1119,20,1
1121,35,1
1122,43,1
1122,57,1
1123,20,1
1123,24,1
1123,26,1
1124,23,1
1125,18,1
1125,19,1
1125,20,1
1126,1,1
1126,16,1
1126,18,1
1126,20,1
1127,43,1
1127,57,1
1128,11,1
1128,46,1
1128,63,1
1129,1,1
1129,18,1
1129,19,1
1129,53,1
1130,7,1
1132,61,1
1133,6,1
1133,10,1
1135,1,1
1135,23,2
1136,40,1
1136,65,1
1138,23,1
1139,1,1
1139,26,2
1139,32,1
1140,64,1
1141,17,1
1141,38,1
1142,20,1
1142,61,1
1146,38,1
1148,7,1
1148,22,1
1149,6,1
1149,20,1
1149,24,1
1150,56,1
1151,1,1
1152,15,1
1152,20,2
1152,32,1
1153,35,1
1155,17,1
1156,1,1
1156,2,1
1156,18,1
1156,20,1
1157,7,1
1157,8,1
1157,20,3
1157,62,1
1158,19,1
1158,20,1
1159,6,1
1161,1,1
1161,8,1
1162,20,1
1162,31,1
1163,20,2
1164,23,1
1164,47,1
1164,57,1
1165,8,1
1166,19,1
1166,20,1
1166,33,3
1167,1,1
1167,7,1
1167,18,1
1167,62,1
1168,23,5
1168,54,1
1169,22,1
1170,33,1
1171,57,2
1173,19,1
1174,4,1
1175,19,1
1175,52,1
1176,20,1
1178,1,1
1178,18,1
1178,19,1
1178,24,1
1179,1,1
1179,18,1
1179,19,1
1179,24,1
1180,20,1
1180,57,1
1181,12,1
1181,14,1
1181,51,1
1181,61,1
1182,1,2
1182,18,1
1182,19,2
1182,20,1
1183,20,2
1184,19,1
1185,16,1
1187,10,2
1187,20,1
1187,29,1
1188,2,1
1188,20,1
1190,19,1
1190,20,1
1191,16,1
1192,23,1
1193,1,1
1193,19,1
1193,39,1
1194,6,1
1195,1,1
1195,20,1
1195,23,1
1195,60,1
1196,1,1
1196,20,1
1197,21,1
1199,1,1
1199,19,1
1199,52,1
1201,20,1
1203,22,1
1203,32,1
1205,1,2
1205,6,1
1205,18,1
1206,1,1
1206,18,1
1206,19,1
1206,23,1
1206,52,1
1207,19,1
1208,12,1
1208,14,1
1208,21,1
1210,9,1
1211,17,1
1211,26,1
1211,64,1
1212,17,1
1212,64,1
1213,8,1
1214,12,1
1214,14,1
1214,61,1
1215,15,1
1217,23,1
1217,43,1
1217,57,1
1219,15,1
1219,32,1
1220,6,1
1220,15,1
1221,1,1
1221,20,2
1223,1,1
1223,7,1
1223,18,1
1223,62,1
1226,22,1
1226,32,1
1227,1,1
1227,7,1
1227,18,1
1227,62,1
1228,26,1
1228,52,1
1229,19,1
1229,20,1
1229,23,1
1230,33,1
1232,20,1
1233,20,1
1234,52,1
1234,64,1
1235,23,1
1236,20,1
1237,20,1
1237,22,1
1238,24,1
1239,20,1
1240,19,1
1240,38,1
1241,17,1
1242,20,1
1243,1,1
1243,26,1
1243,44,1
1244,20,1
1246,1,1
1246,17,1
1246,18,1
1246,19,1
1246,20,1
1246,39,1
1247,20,1
1247,35,1
1249,20,1
1249,22,1
1250,8,1
1250,20,2
1250,21,2
1250,28,1
1251,1,1
1251,17,1
1251,20,1
1253,6,1
1253,10,1
1254,17,1
1254,18,1
1254,20,1
1255,10,1
1255,23,1
1255,46,1
1255,63,1
1256,19,1
1257,11,1
1257,23,1
1257,60,1
1258,20,1
1260,20,1
1261,19,1
1261,23,1
1261,52,1
1262,23,1
1263,6,1
1263,10,1
1264,16,1
1265,1,1
1265,19,1
1268,20,1
1269,7,1
1270,17,1
1270,20,1
1271,1,1
1271,20,1
1274,20,1
1277,7,1
1277,8,1
1277,20,3
1277,62,1
1278,1,1
1278,10,1
1278,18,1
1278,33,1
1280,19,1
1280,20,1
1280,37,1
1281,1,1
1281,23,1
1282,19,1
1282,23,1
1282,24,1
1282,44,1
1283,17,1
1284,1,1
1284,18,1
1284,26,1
1284,33,1
1285,65,1
1287,43,1
1287,57,1
1289,17,1
1290,20,2
1291,18,1
1291,38,1
1292,31,1
1294,20,2
1295,20,1
1295,24,1
1295,39,1
1296,20,1
1296,33,1
1297,22,1
1297,32,1
1298,43,1
1299,19,1
1299,20,1
1300,1,1
1300,17,1
1300,18,1
1301,20,2
1301,23,1
1301,26,1
1302,20,1
1303,18,1
1303,20,1
1304,16,1
1306,20,1
1308,8,1
1308,19,1
1308,23,1
1308,26,1
1309,17,1
1309,19,1
1310,7,1
1310,8,1
1310,20,3
1310,62,1
1312,6,1
1312,15,1
1312,20,1
1312,64,1
1313,1,2
1313,20,1
1313,23,1
1314,17,1
1314,18,1
1315,1,1
1315,6,1
1315,20,1
1315,49,1
1316,6,1
1316,8,1
1316,20,1
1317,20,1
1317,23,1
1318,1,1
1318,2,1
1318,18,1
1319,1,1
1319,6,1
1320,17,1
1320,19,1
1323,23,1
1323,38,1
1324,19,1
1325,6,1
1326,1,2
1326,18,1
1327,17,1
1328,23,1
1328,46,1
1328,63,1
1329,51,1
1329,64,1
1330,24,1
1331,49,1
1332,20,1
1333,7,1
1333,18,1
1333,47,1
1333,57,1
1334,24,1
1334,26,1
1334,59,1
1335,19,2
1335,21,1
1337,20,1
1338,8,1
1338,35,1
1339,1,1
1339,18,1
1339,20,1
1339,52,1
1340,10,1
1340,51,1
1341,1,3
1341,10,1
1341,18,1
1341,20,1
1341,21,1
1342,6,1
1342,10,1
1345,22,1
1345,32,1
1347,6,1
1347,10,1
1349,20,1
1349,26,1
1349,64,1
1350,17,1
1350,20,1
1350,39,1
1351,7,1
1351,29,1
1353,7,1
1354,17,1
1354,20,1
1354,39,1
1355,20,2
1355,64,1
1356,19,1
1356,23,2
1357,7,1
1358,36,1
1359,6,1
1359,10,1
1360,18,1
1360,51,1
1361,1,1
1361,17,1
1361,18,1
1361,20,1
1361,24,1
1362,22,1
1362,32,1
1363,20,2
1364,6,1
1364,18,1
1364,19,1
1364,20,1
1364,33,1
1364,46,1
1364,63,1
1365,1,1
1365,19,1
1365,20,1
1365,23,2
1367,9,1
1369,19,1
1369,22,1
1370,64,1
1371,16,1
1372,19,1
1372,38,1
1373,7,1
1374,6,1
1375,20,2
1375,64,1
1376,57,1
1377,61,1
1378,4,1
1378,19,1
1378,20,1
1379,20,1
1379,52,1
1380,20,1
1380,60,1
1381,1,1
1382,20,2
1382,52,2
1383,17,1
1383,19,1
1383,20,1
1384,22,1
1385,60,1
1388,20,1
1388,33,1
1389,7,1
1389,15,1
1389,31,1
1390,21,1
1391,12,1
1391,14,1
1391,20,1
1393,1,1
1393,20,2
1394,35,1
1395,7,1
1395,8,1
1395,20,3
1395,62,1
1396,17,1
1396,38,1
1397,27,1
1397,38,2
1398,20,1
1399,6,1
1399,10,1
1400,23,1
1400,52,1
1402,1,1
1403,19,1
1403,20,1
1403,23,1
1403,26,1
1404,8,1
1404,50,9
1405,17,1
1405,19,1
1405,20,1
1405,26,1
1406,23,1
1406,41,1
1407,20,1
1407,23,1
1408,7,1
1408,45,1
1409,1,1
1412,19,1
1413,16,1
1413,21,2
1413,23,1
1413,46,1
1413,51,1
1413,63,1
1414,20,1
1415,8,2
1415,29,1
1416,19,1
1419,1,1
1419,60,1
1420,15,1
1420,32,1
1421,23,1
1422,24,1
1422,26,1
1423,7,1
1424,19,1
1424,24,1
1427,17,1
1427,20,1
1427,31,1
1427,52,1
1428,20,2
1428,26,1
1428,31,1
1428,43,1
1430,1,2
1430,18,1
1430,19,1
1430,20,1
1431,1,2
1431,7,1
1431,19,1
1431,20,1
1433,19,2
1433,20,2
1434,7,1
1434,8,1
1434,20,1
1434,57,1
1434,62,1
1435,1,1
1436,12,1
1436,14,1
1437,26,1
1439,33,1
1440,59,1
1441,1,1
1441,52,1
1442,39,2
1443,31,1
1444,7,2
1444,20,3
1447,7,1
1449,17,1
1449,26,1
1450,33,1
1450,34,1
1452,19,1
1452,20,1
1452,26,1
1453,20,1
1454,1,1
1454,18,1
1454,19,1
1454,20,1
1454,24,1
1455,1,1
1455,18,1
1455,52,1
1456,20,1
1456,33,1
1457,20,1
1458,6,1
1459,20,1
1461,18,1
1461,20,1
1462,19,1
1462,20,1
1464,20,1
1464,22,1
1465,6,1
1465,10,1
1466,33,2
1466,35,1
1468,20,1
1470,9,1
1472,1,1
1472,4,1
1472,35,1
1473,20,1
1474,17,1
1474,23,1
1474,26,1
1475,33,1
1476,19,2
1476,20,1
1479,35,1
1480,1,1
1480,7,1
1480,15,1
1483,26,1
1484,18,1
1484,20,1
1484,24,1
1485,20,2
1486,7,1
1486,26,1
1487,20,1
1487,64,1
1488,12,1
1488,14,1
1489,4,1
1489,20,1
1489,35,1
1490,6,1
1491,6,1
1491,19,1
1491,36,1
1492,6,1
1493,20,1
1493,23,1
1494,19,1
1494,27,1
1495,23,1
1495,36,1
1496,6,1
1496,10,1
1497,1,1
1497,21,1
1498,1,1
1498,18,1
1499,15,1
1499,20,1
1500,17,1
1501,1,2
1501,18,1
1502,17,1
1502,58,1
1503,16,1
1504,19,1
1505,51,1
1505,57,1
1506,17,1
1506,20,1
1506,48,1
1507,20,1
1508,1,1
1508,19,1
1508,20,1
1508,23,1
1508,52,1
1509,20,1
1511,20,1
1511,23,1
1512,39,1
1513,6,1
1513,10,1
1514,16,1
1514,20,1
1514,21,2
1514,23,1
1514,46,1
1514,51,1
1514,63,1
1516,7,1
1516,29,1
1517,19,1
1518,17,1
1519,20,1
1521,6,1
1521,10,1
1522,64,1
1523,24,1
1524,1,2
1524,18,1
1524,21,1
1524,33,1
1524,49,1
1526,6,1
1528,6,1
1528,23,1
1528,35,1
1529,51,1
1530,20,1
1530,23,1
1531,22,1
1531,32,1
1532,19,1
1532,39,1
1533,19,1
1534,20,1
1536,1,1
1536,20,1
1537,22,1
1537,32,1
1538,1,1
1538,18,1
1538,19,1
1538,20,1
1538,24,1
1539,1,1
1539,20,2
1540,7,1
1541,17,1
1543,19,1
1545,1,1
1545,7,1
1545,18,1
1545,62,1
1546,7,1
1547,20,1
1548,46,1
1548,63,1
1550,23,1
1551,8,1
1551,9,1
1552,1,1
1552,20,2
1552,33,1
1553,17,1
1553,19,1
1553,20,1
1554,23,1
1556,21,2
1556,33,1
1558,21,2
1558,33,1
1559,14,1
1559,26,1
1560,1,1
1560,18,1
1560,19,1
1561,9,1
1561,20,1
1561,51,1
1562,16,1
1562,20,1
1562,24,1
1563,1,1
1563,15,1
1563,18,1
1563,32,1
1564,31,1
1564,46,1
1564,63,1
1565,19,1
1565,20,1
1565,23,1
1566,16,1
1567,39,1
1568,7,1
1568,8,1
1568,20,2
1568,62,1
1569,1,1
1569,6,1
1570,20,1
1570,46,1
1570,47,1
1570,63,1
1571,27,1
1572,23,1
1572,57,1
1572,61,1
1573,22,1
1573,32,1
1574,7,1
1574,22,1
1575,16,1
1575,46,1
1575,63,1
1577,20,1
1578,16,1
1578,56,1
1579,43,1
1579,57,1
1580,6,1
1580,10,1
1581,19,1
1581,23,1
1582,1,1
1582,20,1
1583,1,1
1583,19,1
1583,52,1
1584,1,1
1584,18,1
1584,20,1
1585,33,1
1585,46,1
1585,49,1
1585,63,1
1586,6,1
1586,10,1
1587,43,1
1588,7,1
1588,20,1
1589,26,1
1590,2,1
1590,20,1
1591,24,1
1591,64,1
1592,20,1
1593,14,1
1593,57,1
1594,19,1
1594,37,1
1595,22,1
1595,32,1
1596,33,1
1596,45,1
1598,4,1
1598,6,1
1598,20,1
1599,10,1
1599,16,1
1600,7,1
1601,20,1
1602,43,1
1602,57,1
1603,20,1
1604,20,1
1606,6,1
1607,18,1
1607,20,1
1607,61,1
1608,1,1
1608,15,1
1608,20,1
1610,17,1
1610,19,1
1610,39,1
1611,18,1
1611,20,1
1612,20,1
1613,14,1
1613,20,1
1614,21,1
1614,33,1
1615,1,1
1615,23,1
1616,20,1
1616,33,1
1617,21,1
1618,18,1
1618,20,1
1619,17,1
1619,20,1
1619,60,1
1621,8,1
1621,27,1
1621,35,1
1622,20,1
1623,22,1
1623,32,1
1624,1,1
1624,7,1
1624,20,1
1624,23,1
1625,6,1
1625,10,1
1626,23,2
1627,1,1
1627,20,1
1627,47,1
1627,57,1
1628,7,1
1628,8,1
1628,20,4
1628,23,1
1628,62,1
1630,17,1
1630,46,1
1630,60,1
1630,63,1
1631,11,1
1632,7,1
1632,8,1
1632,20,3
1632,62,1
1633,1,1
1633,20,1
1634,16,1
1635,19,1
1635,38,1
1636,6,1
1636,10,1
1637,43,1
1637,57,1
1638,64,1
1639,19,1
1639,31,1
1640,26,1
1640,52,1
1641,19,1
1642,2,1
1642,4,1
1642,20,1
1642,23,1
1642,60,1
1644,43,1
1644,57,1
1645,1,1
1645,17,1
1646,1,1
1647,19,1
1648,20,1
1649,40,1
1650,1,1
1651,7,1
1651,8,1
1651,20,3
1651,62,1
1653,1,1
1653,17,1
1653,18,1
1653,19,1
1653,20,1
1654,24,1
1655,61,1
1656,1,1
1656,7,1
1656,8,1
1656,21,1
1657,20,1
1657,38,1
1658,36,1
1659,20,1
1659,33,1
1660,31,1
1662,21,1
1662,33,1
1663,23,1
1664,33,1
1664,54,1
1665,1,1
1670,19,1
1670,23,1
1670,42,1
1671,6,1
1671,24,1
1672,1,2
1672,18,1
1673,6,1
1673,7,1
1676,22,1
1677,20,1
1680,20,1
1681,20,1
1682,2,1
1683,20,1
1683,26,1
1684,38,1
1685,1,1
1685,20,1
1685,26,1
1685,46,1
1685,63,1
1686,16,1
1687,33,1
1688,1,2
1688,7,1
1688,21,1
1689,8,1
1689,26,1
1690,24,1
1691,6,1
1691,10,1
1693,33,1
1694,1,1
1694,18,1
1694,20,1
1695,39,1
1696,17,1
1696,18,1
1696,26,1
1696,28,1
1696,39,1
1697,1,1
1698,1,1
1698,16,1
1699,1,1
1699,23,1
1700,2,1
1700,20,1
1701,15,1
1702,17,1
1702,19,1
1702,47,1
1703,1,1
1703,17,1
1703,18,1
1704,2,1
1704,12,1
1704,14,1
1704,20,1
1704,51,1
1704,61,1
1705,24,1
1706,6,1
1706,10,1
1708,20,1
1708,24,1
1710,1,1
1710,19,1
1710,20,1
1710,24,1
1710,39,1
1711,26,1
1711,60,1
1712,18,1
1712,20,1
1713,49,1
1714,6,1
1714,10,1
1715,8,1
1715,35,1
1717,21,1
1717,41,1
1718,1,1
1719,15,1
1720,19,1
1720,20,1
1721,24,1
1722,16,1
1722,20,1
1722,23,2
1722,51,1
1724,6,1
1724,52,1
1725,1,1
1725,18,1
1725,38,1
1725,48,1
1726,7,1
1727,20,1
1729,39,1
1729,61,1
1730,20,1
1731,19,1
1731,20,1
1731,24,1
1732,1,1
1732,20,1
1733,18,1
1733,20,1
1733,26,1
1733,51,1
1736,9,1
1736,19,1
1737,20,1
1737,35,1
1738,8,1
1738,21,4
1739,20,2
1739,23,1
1740,24,1
1741,19,1
1741,20,1
1741,41,1
1742,19,1
1743,19,1
1743,22,1
1743,24,1
1745,20,1
1745,23,1
1746,19,1
1747,14,1
1747,61,1
1748,20,1
1749,1,1
1749,8,1
1749,16,1
1750,23,1
1751,31,1
1752,20,1
1752,39,1
1753,20,1
1753,49,1
1754,19,2
1755,16,1
1755,24,1
1757,32,1
1758,7,1
1759,41,1
1761,22,1
1761,24,1
1762,4,1
1763,19,2
1763,20,1
1763,24,1
1764,20,1
1764,51,1
1766,43,1
1766,57,1
1768,20,3
1770,64,1
1771,47,1
1771,52,1
1771,57,1
1771,61,1
1772,23,1
1772,42,1
1773,1,1
1773,2,2
1773,3,1
1773,19,1
1773,20,2
1773,64,1
1774,2,1
1774,20,1
1774,26,1
1775,20,1
1776,8,2
1776,20,1
1776,39,1
1777,16,1
1778,43,1
1778,57,1
1780,16,1
1780,23,1
1781,7,1
1781,8,1
1781,20,1
1781,62,1
1782,20,1
1783,20,2
1783,23,1
1784,20,3
1785,1,2
1785,18,1
1785,19,2
1785,20,1
1786,14,1
1786,20,1
1786,35,1
1786,57,1
1787,20,1
1788,17,1
1788,23,1
1789,61,1
1790,16,1
1791,1,1
1791,21,1
1792,20,1
1793,7,1
1793,20,2
1794,33,1
1795,23,1
1796,26,1
1796,51,1
1798,7,1
1798,20,1
1798,29,1
1799,6,1
1799,10,1
1800,19,1
1801,20,1
1802,1,1
1802,19,1
1802,20,1
1802,39,1
1802,45,1
1802,52,1
1803,16,1
1806,19,1
1806,20,2
1806,26,1
1807,8,1
1807,9,1
1807,20,1
1808,19,1
1808,32,1
1809,1,1
1809,2,1
1811,8,1
1813,17,1
1815,20,1
1816,20,1
1816,23,1
1817,15,1
1817,32,1
1818,6,1
1818,26,1
1818,33,1
1818,41,1
1819,19,1
1820,19,1
1820,43,1
1821,1,1
1821,18,1
1822,1,1
1822,18,1
1822,52,1
1824,8,1
1824,16,1
1824,21,1
1826,23,1
1826,60,1
1827,1,1
1827,18,1
1827,52,1
1828,20,1
1828,26,1
1829,45,1
1831,20,2
1832,18,1
1833,17,1
1834,22,1
1834,32,1
1835,19,1
1835,20,1
1836,14,1
1836,26,1
1836,60,2
1836,61,1
1838,41,1
1839,39,1
1840,49,1
1841,20,1
1842,1,1
1844,19,1
1846,1,1
1846,17,1
1846,18,1
1846,20,1
1848,1,1
1848,7,1
1848,18,1
1848,62,1
1849,6,1
1849,15,1
1849,64,1
1850,19,1
1850,23,2
1852,6,1
1852,10,1
1853,33,1
1854,20,1
1855,23,1
1856,17,1
1857,7,1
1857,20,1
1858,20,1
1858,46,1
1858,63,1
1859,20,1
1859,26,1
1859,60,1
1861,21,1
1861,23,1
1861,33,1
1861,34,1
1862,1,1
1862,21,1
1863,22,1
1863,24,1
1863,64,1
1864,15,1
1864,20,1
1864,26,1
1865,19,1
1867,1,1
1867,20,1
1867,23,3
1868,21,2
1869,50,2
1870,20,1
1870,51,1
1870,64,1
1871,24,1
1872,19,1
1872,20,1
1872,22,1
1872,23,1
1873,9,1
1873,19,1
1873,26,1
1874,15,1
1874,20,1
1874,32,1
1875,1,1
1875,23,1
1875,52,1
1877,6,1
1877,8,1
1879,1,1
1879,19,1
1879,20,1
1880,9,1
1880,12,1
1880,14,1
1881,13,1
1881,23,1
1882,19,2
1885,24,2
1886,17,1
1886,20,1
1887,1,1
1887,18,1
1887,20,2
1887,26,1
1887,52,4
1888,31,1
1888,38,1
1890,7,1
1890,8,1
1890,26,1
1890,29,1
1891,18,1
1891,20,1
1892,10,1
1892,52,1
1893,16,1
1893,20,1
1894,1,1
1894,7,1
1894,20,1
1895,57,1
1896,22,1
1897,22,1
1897,32,1
1898,1,1
1898,8,1
1898,18,1
1898,20,1
1898,64,1
1899,7,1
1899,10,1
1900,23,1
1900,26,1
1901,19,1
1901,20,1
1902,16,1
1902,20,1
1903,16,1
1907,39,2
1908,7,1
1909,20,1
1909,23,1
1912,21,1
1912,35,1
1913,43,1
1913,57,1
1914,1,1
1914,20,1
1914,35,1
1915,20,2
1917,20,1
1917,52,1
1920,1,1
1920,20,1
1920,35,1
1920,36,1
1921,6,1
1921,10,1
1922,19,1
1922,41,1
1924,15,1
1924,20,2
1924,43,1
1925,20,1
1925,64,1
1927,19,1
1927,24,1
1927,40,1
1927,51,1
1928,1,1
1928,19,1
1929,33,1
1929,46,1
1929,63,1
1930,19,1
1930,26,1
1931,17,1
1932,16,1
1932,31,1
1933,19,1
1934,43,1
1934,57,1
1935,20,1
1935,39,1
1936,33,1
1936,51,1
1937,23,1
1937,60,1
1938,33,1
1939,7,1
1939,17,1
1939,19,1
1939,20,1
1939,23,1
1940,22,1
1940,32,1
1942,23,1
1942,38,1
1943,22,1
1943,32,1
1944,19,1
1944,26,1
1945,14,1
1945,21,5
1945,23,1
1946,20,1
1946,26,1
1949,33,1
1950,6,1
1951,12,1
1951,14,1
1953,24,1
1955,33,1
1955,46,1
1955,63,1
1956,20,2
1956,33,1
1956,54,1
1957,17,1
1959,23,1
1960,23,2
1960,38,2
1961,20,2
1961,29,1
1962,19,1
1962,23,1
1962,52,1
1964,21,1
1964,33,1
1965,20,1
1966,19,1
1966,23,1
1966,52,1
1968,4,1
1968,19,1
1968,20,1
1968,52,1
1970,20,1
1971,6,1
1971,15,1
1971,20,1
1971,64,1
1973,12,1
1973,14,1
1974,1,1
1974,7,1
1974,18,1
1974,62,1
1975,26,1
1976,1,1
1976,38,1
1976,64,1
1977,1,1
1978,18,1
1978,19,1
1978,22,1
1978,24,1
1979,33,1
1980,7,1
1980,20,1
1982,2,1
1982,20,1
1983,23,1
1984,7,1
1984,8,1
1984,20,3
1984,62,1
1985,17,1
1986,17,1
1987,22,1
1987,32,1
1988,1,1
1988,18,1
1988,20,1
1988,45,1
1988,52,1
1989,24,1
1990,20,1
1991,15,1
1991,20,1
1992,6,1
1992,10,1
1993,16,1
1993,17,1
1995,6,1
1995,26,1
1996,23,1
1996,35,1
1997,20,1
1997,23,1
1998,15,1
1998,24,1
1998,64,1
2000,10,1
2000,12,1
2000,14,1
2000,26,1
2001,1,1
2001,18,1
2001,20,2
2001,52,1
2002,22,1
2003,24,1
2005,11,1
2005,20,1
2006,1,1
2006,9,1
2006,18,1
2006,37,1
2006,39,1
2007,2,1
2007,19,1
2007,20,1
2009,16,1
2009,26,1
2009,52,1
2010,6,1
2010,7,1
2010,20,2
2010,21,1
2010,65,1
2012,20,1
2012,43,1
2013,20,1
2014,25,1
2015,43,1
2015,57,1
2016,7,1
2016,8,1
2016,20,3
2017,16,1
2018,21,1
2018,33,1
2019,64,1
2020,6,1
2020,20,2
2021,22,1
2022,19,1
2022,22,1
2022,23,1
2024,19,1
2024,31,1
2025,39,1
2026,1,1
2026,20,1
2028,19,2
2028,20,1
2028,22,1
2028,24,1
2028,26,1
2029,4,1
2029,20,1
2031,20,1
2031,46,1
2031,54,1
2031,63,1
2032,19,2
2032,20,1
2033,19,1
2035,8,2
2035,20,1
2037,17,1
2038,9,1
2038,37,1
2039,22,1
2039,32,1
2040,33,1
2041,1,1
2041,20,1
2042,23,1
2043,1,1
2043,20,1
2044,16,1
2044,20,1
2044,61,2
2045,8,1
2045,26,1
2046,14,1
2046,23,2
2046,29,1
2046,57,1
2046,66,1
2048,1,1
2048,18,1
2048,20,1
2048,39,1
2049,33,1
2050,6,1
2050,10,1
2051,20,1
2051,35,1
2053,1,1
2053,7,1
2053,20,2
2053,53,1
2054,20,1
2055,6,1
2055,10,1
2056,20,1
2057,1,1
2057,4,2
2058,6,1
2058,10,1
2060,1,2
2060,19,1
2060,41,1
2060,43,1
2060,64,1
2062,33,1
2062,34,1
2062,51,1
2064,14,1
2064,17,1
2064,21,2
2064,64,1
2065,6,1
2065,10,1
2067,8,1
2067,20,1
2068,16,1
2069,20,1
2069,43,1
2069,57,1
2071,43,1
2072,17,1
2073,20,1
2074,35,1
2076,6,1
2076,20,1
2076,23,1
2076,35,1
2077,17,1
2077,20,1
2078,17,1
2078,19,1
2078,20,1
2079,19,1
2079,20,1
2081,6,1
2081,10,1
2082,16,1
2083,26,1
2083,51,1
2084,1,1
2085,19,2
2085,20,1
2085,24,1
2086,6,1
2086,24,1
2087,32,1
2090,33,1
2090,40,1
2091,7,1
2091,8,1
2091,20,4
2091,62,1
2093,17,1
2093,19,1
2093,20,1
2094,15,1
2094,20,2
2095,19,1
2095,20,1
2096,1,3
2096,18,1
2096,33,1
2097,8,1
2097,35,1
2098,1,1
2099,20,3
2099,26,1
2099,52,4
2100,6,1
2100,10,1
2101,6,1
2101,17,1
2101,26,1
2102,20,1
2103,16,1
2103,23,1
2104,20,1
2104,57,1
2105,17,1
2105,19,1
2105,23,1
2106,20,1
2106,64,1
2107,7,1
2107,26,1
2108,19,1
2110,4,1
2110,7,1
2111,6,1
2111,24,1
2111,26,1
2112,33,1
2112,54,1
2113,23,1
2114,19,1
2114,38,1
2115,1,1
2117,6,1
2117,10,1
2118,39,1
2118,47,1
2119,7,1
2119,8,1
2119,29,1
2120,33,1
2121,7,1
2121,9,1
2121,20,1
2122,1,1
2122,9,1
2122,40,1
2123,20,2
2123,41,1
2124,6,1
2124,20,1
2125,20,1
2126,22,1
2127,19,1
2127,20,1
2128,20,1
2128,51,1
2129,19,1
2129,20,1
2130,1,1
2130,15,1
2131,40,1
2132,10,1
2132,12,1
2132,14,1
2132,20,1
2134,22,1
2135,33,1
2135,46,1
2135,63,1
2139,20,1
2139,22,1
2141,20,1
2141,23,1
2141,31,1
2141,57,1
2143,20,1
2143,24,1
2144,20,2
2145,40,1
2145,54,1
2146,35,1
2147,15,1
2147,19,1
2147,24,1
2147,32,1
2148,19,1
2148,20,1
2148,23,1
2148,26,1
2148,27,1
2149,33,1
2150,1,1
2150,18,1
2150,19,1
2150,23,1
2150,31,1
2152,26,1
2152,43,1
2153,20,1
2153,23,1
2153,40,1
2154,43,1
2154,57,1
2156,1,1
2156,2,1
2156,20,1
2157,20,1
2157,23,1
2158,20,1
2159,17,1
2160,1,1
2160,9,1
2161,1,1
2161,33,1
2161,46,1
2161,63,1
2164,6,1
2164,10,1
2165,20,2
2165,39,1
2166,6,1
2166,20,1
2167,6,1
2167,40,1
2168,20,1
2168,33,1
2169,24,1
2170,17,1
2170,19,1
2172,4,1
2172,19,2
2172,20,1
2172,24,1
2172,39,1
2173,19,1
2174,43,1
2176,17,1
2176,19,1
2176,20,1
2177,19,1
2177,20,1
2177,52,1
2178,16,1
2178,54,1
2179,1,1
2179,31,1
2180,19,1
2180,26,1
2180,35,1
2182,19,1
2182,24,1
2184,2,1
2185,1,1
2186,6,1
2186,10,1
2187,33,1
2188,43,1
2189,19,1
2191,6,1
2191,10,1
2192,49,1
2193,9,1
2194,20,1
2194,23,1
2194,57,1
2194,61,1
2195,1,1
2195,8,1
2195,18,1
2195,20,1
2196,20,1
2196,33,1
2197,19,1
2199,1,1
2199,20,1
2201,1,2
2201,6,1
2201,9,1
2201,19,1
2202,21,4
2202,33,1
2203,17,1
2203,20,1
2203,43,1
2203,57,1
2204,23,1
2204,53,1
2205,20,2
2206,17,1
2206,19,1
2207,17,1
2207,20,2
2207,43,1
2209,18,1
2209,20,1
2209,23,1
2209,26,1
2209,31,1
2210,12,1
2210,13,1
2210,14,1
2210,23,1
2211,18,1
2211,19,1
2211,20,1
2211,23,1
2211,39,1
2212,20,1
2214,43,1
2214,57,1
2215,1,1
2215,18,1
2215,19,1
2215,24,1
2216,6,1
2216,10,1
2218,19,1
2220,57,1
2221,19,1
2221,35,1
2222,20,1
2222,44,1
2222,62,1
2223,22,1
2223,32,1
2224,49,1
2225,20,2
2225,23,1
2225,46,1
2225,63,1
2226,18,1
2227,22,1
2227,32,1
2228,7,1
2228,8,1
2228,20,4
2228,62,1
2230,15,1
2230,20,1
2231,9,1
2231,19,1
2232,19,1
2233,4,1
2233,20,1
2234,12,1
2234,20,2
2234,42,1
2235,17,1
2235,24,1
2235,26,1
2235,38,1
2236,16,1
2237,19,1
2238,20,2
2238,23,1
2238,33,1
2238,41,1
2238,42,1
2238,46,1
2238,63,1
2240,4,1
2240,20,1
2241,17,1
2242,20,1
2242,40,1
2242,51,1
2243,19,1
2243,39,1
2243,43,1
2246,23,1
2246,35,1
2246,46,1
2246,63,1
2247,20,1
2247,57,1
2249,7,1
2249,20,1
2250,17,1
2250,20,1
2250,64,1
2252,39,1
2252,44,1
2254,23,1
2255,20,1
2255,43,1
2259,8,2
2260,20,1
2261,15,1
2261,20,1
2261,32,1
2262,6,1
2262,10,1
2263,16,1
2264,17,1
2264,39,1
2266,19,1
2268,19,1
2269,9,1
2270,33,1
2271,20,1
2272,20,1
2272,26,1
2273,1,1
2273,17,1
2273,23,1
2273,33,1
2274,19,3
2275,1,1
2275,18,1
2275,33,1
2276,22,1
2276,32,1
2277,19,1
2277,20,1
2277,23,1
2277,24,1
2278,14,1
2278,26,1
2278,51,1
2279,39,1
2280,8,1
2281,1,1
2281,18,1
2281,20,1
2282,1,1
2282,18,1
2282,20,1
2282,31,1
2282,38,1
2283,20,2
2284,1,1
2284,23,1
2284,26,1
2285,17,1
2285,43,1
2286,20,1
2286,23,1
2286,24,1
2287,16,1
2288,26,1
2288,59,1
2289,11,1
2289,57,1
2290,1,1
2290,17,1
2290,18,1
2290,20,1
2291,33,1
2293,6,1
2293,13,1
2293,14,1
2293,23,1
2294,19,1
2294,24,1
2295,17,1
2295,19,1
2295,20,1
2295,23,1
2296,19,1
2296,20,1
2296,41,1
2297,6,1
2297,23,1
2297,46,1
2297,63,1
2298,1,1
2298,15,1
2298,18,1
2298,20,1
2300,2,1
2301,20,1
2301,23,1
2301,53,1
2302,20,1
2302,46,1
2302,63,1
2303,17,1
2303,27,1
2304,20,1
2304,51,1
2305,20,2
2306,1,1
2306,20,1
2306,26,1
2307,31,1
2308,9,1
2308,20,1
2308,23,3
2309,10,1
2310,1,1
2310,6,1
2310,15,1
2310,18,1
2310,20,1
2311,19,1
2312,1,1
2312,19,1
2312,22,1
2313,22,1
2314,10,1
2314,19,1
2314,20,1
2314,23,2
2314,39,1
2315,33,1
2316,1,1
2316,18,1
2316,19,1
2316,22,1
2316,24,1
2317,19,1
2317,20,1
2317,52,1
2318,22,1
2320,6,1
2320,10,1
2321,35,1
2321,40,1
2322,20,1
2322,23,1
2322,60,1
2323,20,1
2323,64,1
2324,51,1
2326,8,1
2326,26,1
2327,1,1
2327,18,1
2327,23,1
2328,1,1
2328,20,1
2328,47,1
2328,57,1
2330,17,1
2330,19,1
2330,20,1
2332,52,1
2333,20,1
2333,33,1
2334,23,1
2335,13,1
2335,14,1
2335,23,1
2336,20,1
2336,52,1
2337,47,1
2337,57,1
2338,19,1
2338,20,1
2338,24,1
2338,64,1
2339,46,1
2339,63,1
2340,20,1
2341,19,1
2341,22,1
2341,24,1
2343,24,1
2343,64,1
2346,8,1
2346,20,1
2346,33,1
2347,7,1
2347,8,1
2347,20,3
2348,17,1
2348,40,1
2349,6,1
2349,20,1
2350,20,2
2350,26,1
2350,53,1
2352,19,1
2352,20,1
2352,24,1
2352,41,1
2354,1,1
2354,24,1
2354,64,1
2355,19,1
2355,24,1
2357,24,1
2358,19,1
2359,1,1
2359,20,1
2359,22,1
2359,60,1
2360,6,1
2360,10,1
2361,1,1
2362,52,1
2363,1,1
2363,4,1
2363,23,1
2363,32,1
2363,60,1
2364,17,1
2365,49,1
2366,20,1
2366,31,1
2368,8,1
2368,10,2
2368,21,3
2369,1,1
2369,18,1
2369,33,1
2370,16,1
2371,20,1
2371,31,1
2372,21,1
2372,24,1
2372,64,1
2373,1,1
2373,18,1
2373,20,2
2374,9,1
2374,26,1
2376,1,1
2376,18,1
2377,6,1
2377,10,1
2378,4,1
2378,6,1
2378,40,1
2379,7,1
2379,8,1
2379,62,2
2380,38,1
2381,40,1
2382,19,1
2382,20,1
2382,22,1
2382,24,1
2383,19,1
2383,23,1
2383,52,1
2384,20,2
2385,20,1
2386,7,1
2386,8,1
2386,62,1
2387,22,1
2387,23,1
2387,32,1
2387,59,1
2389,1,1
2389,19,1
2391,6,1
2391,10,1
2392,2,1
2393,1,1
2393,19,1
2395,19,1
2395,20,1
2396,19,1
2396,38,2
2397,18,1
2397,23,1
2397,31,1
2399,23,2
2399,28,1
2399,32,1
2401,17,1
2401,19,1
2401,37,1
2402,14,1
2402,21,1
2404,17,1
2404,39,1
2405,20,1
2405,23,1
2406,60,1
2407,15,1
2407,19,1
2407,24,1
2407,32,1
2408,6,1
2408,20,1
2410,20,1
2411,19,1
2412,1,2
2412,18,1
2412,19,2
2412,20,1
2413,17,1
2413,20,1
2413,21,1
2413,64,1
2414,23,1
2415,23,1
2416,11,1
2416,16,1
2416,20,1
2416,23,1
2417,8,1
2418,51,1
2419,38,1
2421,17,1
2421,20,1
2421,46,1
2421,63,1
2422,4,1
2422,51,1
2423,15,1
2423,32,1
2424,6,1
2424,10,1
2425,23,1
2426,60,1
2427,1,1
2427,7,1
2427,18,1
2427,62,1
2428,15,1
2429,20,1
2430,6,1
2430,10,1
2431,17,1
2431,19,2
2431,20,1
2432,12,1
2432,14,1
2433,6,1
2433,10,1
2435,6,1
2435,8,1
2436,19,1
2436,24,1
2437,43,1
2437,57,1
2438,1,1
2438,20,1
2439,6,1
2439,10,1
2440,17,1
2441,43,1
2442,1,1
2442,26,1
2443,24,1
2444,1,1
2444,18,1
2444,20,2
2445,43,1
2445,57,1
2446,1,1
2446,2,1
2446,48,1
2447,51,1
2448,1,1
2448,19,1
2448,22,1
2449,17,1
2449,20,1
2452,52,1
2453,16,1
2454,1,1
2455,8,1
2455,23,1
2455,39,1
2456,1,1
2456,23,1
2457,8,1
2457,19,1
2457,20,1
2457,26,1
2458,29,1
2461,19,1
2461,49,1
2462,39,2
2463,23,1
2464,2,1
2464,20,1
2465,6,1
2465,7,1
2465,8,1
2467,39,1
2467,43,1
2468,17,1
2468,60,1
2469,17,1
2469,20,1
2470,20,1
2471,19,1
2471,24,1
2472,1,1
2472,20,1
2473,17,1
2475,49,1
2476,20,2
2476,64,1
2477,20,1
2477,26,1
2479,15,1
2479,20,1
2480,1,1
2481,61,1
2482,20,2
2482,22,1
2483,17,1
2483,52,1
2484,19,1
2485,31,1
2486,19,1
2487,6,1
2487,10,1
2489,23,1
2490,1,1
2490,20,1
2491,17,1
2492,1,2
2493,20,1
2493,53,1
2494,20,1
2494,26,1
2494,60,1
2495,1,1
2495,39,1
2496,19,2
2496,22,1
2496,41,1
2497,6,1
2497,10,1
2498,19,1
2498,20,1
2499,17,1
2501,8,1
2501,20,1
2501,26,1
2502,14,1
2502,57,1
2503,20,1
2504,23,1
2506,20,1
2506,35,1
2507,6,1
2508,16,1
2510,1,1
2511,7,1
2512,16,1
2512,17,1
2512,61,1
2514,1,1
2514,20,1
2514,60,1
2515,20,1
2516,27,1
2518,2,1
2519,20,1
2520,1,1
2520,12,1
2520,14,1
2520,19,1
2520,20,1
2520,26,1
2521,6,1
2521,10,1
2522,23,1
2522,26,1
2522,44,1
2523,20,2
2524,17,1
2524,20,1
2524,23,1
2526,7,1
2526,20,1
2528,20,1
2528,39,1
2529,15,1
2529,19,1
2529,24,1
2530,1,1
2530,8,1
2531,1,1
2531,13,1
2531,14,1
2531,23,1
2531,39,1
2532,17,1
2532,21,1
2532,64,1
2533,1,1
2533,4,1
2534,24,1
2534,64,1
2535,17,1
2536,20,1
2537,20,1
2538,33,1
2539,6,1
2539,17,1
2539,26,1
2540,1,2
2540,18,1
2540,20,1
2541,17,1
2542,19,1
2542,32,1
2543,65,1
2544,20,1
2544,39,1
2547,20,1
2547,26,1
2547,51,1
2548,19,2
2550,1,1
2550,6,1
2550,33,1
2551,19,1
2551,20,2
2551,26,1
2552,16,1
2553,6,1
2553,10,1
2555,17,1
2555,45,1
2555,51,1
2557,24,1
2557,64,1
2558,33,1
2559,6,1
2559,17,1
2560,52,1
2562,19,1
2563,20,1
2563,22,1
2563,52,1
2565,20,1
2565,26,1
2566,20,1
2567,1,1
2567,18,1
2567,20,1
2569,29,1
2570,26,1
2570,59,1
2571,6,1
2572,7,1
2572,19,1
2572,22,1
2572,24,1
2572,43,1
2573,6,1
2573,10,1
2574,7,1
2574,8,1
2575,19,1
2575,23,1
2575,52,1
2576,23,1
2577,22,1
2577,32,1
2579,16,1
2580,20,1
2580,43,1
2580,57,1
2581,6,1
2581,20,1
2581,31,1
2582,19,1
2583,57,1
2584,20,1
2584,21,1
2585,20,1
2585,23,1
2585,46,1
2585,63,1
2586,1,1
2586,18,1
2586,20,1
2587,6,1
2589,51,1
2590,19,1
2590,31,1
2591,23,1
2592,47,1
2593,20,1
2593,40,1
2594,16,1
2595,20,3
2596,1,1
2596,18,1
2596,52,1
2597,16,1
2597,23,1
2597,54,1
2598,12,1
2598,14,1
2598,23,1
2599,20,1
2600,1,1
2600,18,1
2601,33,1
2602,9,1
2602,16,1
2602,54,1
2603,20,2
2603,43,1
2603,57,1
2604,20,1
2604,43,1
2604,57,1
2605,20,1
2605,39,1
2606,43,1
2606,57,1
2607,20,1
2607,23,1
2608,7,1
2608,23,2
2609,8,1
2610,26,1
2612,6,1
2612,10,1
2613,1,1
2614,17,1
2615,20,1
2615,49,1
2616,1,1
2616,18,1
2617,7,1
2617,29,1
2618,20,1
2618,43,1
2619,7,1
2619,8,1
2619,20,3
2619,62,1
2620,20,1
2621,19,1
2621,38,1
2622,20,1
2622,33,1
2623,19,2
2623,47,1
2625,4,1
2626,24,1
2626,64,1
2628,15,1
2628,20,1
2629,19,1
2629,20,2
2630,17,1
2630,20,1
2632,1,1
2632,18,1
2633,19,1
2633,24,1
2633,31,1
2633,43,1
2634,20,1
2634,23,1
2635,10,1
2636,1,1
2637,19,1
2637,20,1
2637,22,1
2637,23,1
2639,19,1
2639,35,1
2640,10,1
2641,20,1
2641,24,1
2642,1,1
2642,7,1
2643,7,1
2644,1,1
2644,20,1
2645,19,1
2645,20,1
2645,24,1
2646,23,1
2646,26,1
2646,57,1
2647,19,1
2647,31,1
2649,20,1
2650,7,1
2650,8,1
2650,20,2
2650,62,1
2651,17,1
2652,7,1
2652,26,1
2653,17,1
2653,47,1
2654,17,1
2655,6,1
2655,10,1
2657,19,1
2657,20,1
2657,23,1
2657,35,1
2658,19,1
2658,20,1
2658,38,1
2659,6,1
2659,40,1
2660,24,1
2660,43,1
2660,64,1
2661,1,1
2662,20,1
2663,16,1
2664,19,1
2664,20,1
2664,41,1
2665,19,1
2665,52,1
2667,20,1
2668,1,2
2668,18,1
2668,19,1
2668,20,1
2669,19,1
2669,26,1
2670,19,1
2671,20,1
2672,17,1
2672,39,1
2673,14,1
2675,20,1
2676,4,1
2676,19,1
2676,33,1
2676,46,1
2676,63,1
2677,1,2
2678,14,1
2678,23,1
2678,26,1
2679,40,1
2680,8,1
2682,19,1
2682,41,1
2684,6,1
2684,40,2
2685,19,1
2685,20,1
2685,23,1
2685,52,1
2686,19,1
2686,37,1
2687,19,1
2688,23,1
2689,2,1
2690,6,1
2690,10,1
2691,20,1
2691,33,1
2692,20,1
2693,16,1
2694,1,1
2694,20,1
2695,1,1
2695,20,1
2695,22,1
2695,26,1
2697,20,1
2699,8,1
2699,35,1
2700,33,1
2700,46,1
2700,63,1
2701,1,1
2701,6,1
2701,18,1
2701,33,1
2702,20,1
2702,23,1
2702,31,1
2702,38,1
2703,24,1
2704,43,1
2704,57,1
2705,1,1
2705,17,1
2706,26,1
2709,6,1
2709,10,1
2710,1,1
2710,7,1
2710,20,1
2711,20,1
2712,7,1
2712,8,1
2712,20,3
2712,62,1
2713,20,1
2713,45,1
2714,17,1
2714,19,1
2715,17,1
2716,17,1
2716,19,2
2717,23,1
2718,19,1
2719,19,1
2719,24,1
2720,12,1
2720,14,1
2722,7,1
2722,8,1
2722,20,1
2722,29,1
2723,36,1
2724,20,1
2724,23,1
2725,22,1
2725,24,1
2725,26,1
2725,64,1
2726,23,1
2726,51,1
2727,20,1
2727,23,1
2727,60,1
2728,20,1
2728,43,1
2729,26,1
2731,20,1
2732,16,1
2732,46,1
2732,63,1
2733,20,1
2734,20,1
2735,18,1
2737,24,1
2737,26,1
2738,21,1
2738,33,1
2739,23,1
2739,43,1
2739,57,1
2741,22,1
2741,32,1
2742,21,1
2742,33,1
2742,51,1
2743,21,1
2745,20,1
2746,19,1
2746,24,1
2747,1,1
2747,18,1
2747,19,1
2747,20,1
2747,52,1
2747,53,1
2748,7,1
2750,28,1
2750,57,1
2752,16,1
2753,19,1
2754,6,1
2754,10,1
2755,1,2
2755,2,1
2755,18,1
2755,19,1
2755,20,1
2756,16,1
2756,26,1
2756,61,1
2757,20,1
2758,6,1
2758,15,1
2758,64,1
2759,17,1
2761,1,2
2761,18,1
2761,40,1
2761,58,1
2762,1,1
2762,8,1
2762,18,1
2763,8,1
2764,7,1
2764,8,1
2764,20,3
2764,62,1
2766,1,1
2766,20,3
2766,29,1
2766,33,1
2767,1,1
2767,23,1
2767,41,1
2768,16,1
2768,20,1
2770,1,1
2770,6,2
2770,19,1
2770,35,1
2771,19,1
2771,38,1
2772,6,1
2772,10,1
2773,40,1
2773,58,1
2775,20,1
2776,19,1
2776,22,1
2776,24,1
2777,1,2
2777,18,1
2777,22,1
2779,19,1
2780,7,1
2781,13,1
2781,14,1
2781,23,1
2781,35,1
2781,45,1
2781,54,1
2781,56,1
2783,1,1
2783,18,1
2783,33,1
2784,35,1
2785,6,1
2785,33,1
2786,20,1
2786,23,1
2787,1,1
2787,17,1
2787,18,1
2787,19,1
2787,20,1
2788,39,1
2789,1,1
2789,20,1
2790,17,1
2792,17,1
2792,19,4
2792,20,1
2792,23,1
2794,17,1
2794,64,1
2795,17,1
2795,39,1
2795,64,1
2796,1,1
2796,17,1
2796,18,1
2796,19,1
2797,17,1
2798,19,2
2798,20,1
2798,22,1
2798,41,1
2800,20,2
2801,19,2
2801,52,2
2803,33,1
2804,43,1
2804,57,1
2805,1,1
2806,19,1
2806,20,1
2807,20,1
2807,50,1
2808,8,1
2808,20,1
2809,19,1
2809,23,1
2809,64,1
2810,1,1
2810,9,1
2810,12,1
2810,14,1
2810,51,1
2810,64,1
2811,17,1
2811,20,1
2812,35,1
2813,20,1
2814,8,2
2814,12,1
2814,26,1
2815,1,1
2815,10,1
2815,18,1
2815,20,1
2815,33,1
2816,14,1
2816,20,1
2817,17,1
2817,19,1
2817,20,1
2818,6,1
2818,24,1
2818,26,1
2818,64,1
2820,17,1
2820,23,1
2821,16,1
2824,17,1
2824,54,1
2825,1,1
2825,19,1
2825,26,1
2826,1,1
2826,8,1
2826,14,1
2826,21,1
2826,23,1
2827,20,1
2827,24,1
2827,26,1
2828,60,1
2831,33,1
2833,1,1
2833,16,1
2833,17,1
2833,18,1
2833,19,1
2833,52,1
2835,20,1
2835,52,1
2836,20,1
2838,19,1
2839,1,1
2839,2,1
2839,18,1
2839,20,1
2839,35,1
2839,39,1
2841,19,1
2843,1,1
2843,19,2
2843,20,2
2843,23,2
2844,23,1
2845,7,1
2845,8,1
2845,62,1
2846,20,1
2846,51,1
2847,20,1
2847,51,1
2847,64,1
2848,20,1
2849,6,1
2849,10,1
2851,20,1
2852,18,1
2852,20,1
2853,6,1
2853,48,1
2854,1,1
2854,20,2
2854,60,1
2854,61,1
2855,19,1
2856,26,1
2857,20,1
2857,51,1
2857,64,1
2858,15,1
2859,26,1
2861,6,1
2861,10,1
2862,17,1
2862,64,1
2863,20,1
2865,17,1
2865,47,1
2865,57,1
2867,19,1
2868,7,1
2869,14,1
2869,35,1
2870,18,1
2870,20,1
2871,1,1
2871,2,1
2873,19,1
2873,62,1
2875,27,1
2875,42,1
2877,20,1
2878,20,1
2879,7,1
2879,8,1
2879,20,2
2879,62,1
2880,26,1
2880,52,1
2881,24,1
2883,17,1
2883,19,1
2883,20,1
2884,1,1
2884,18,1
2884,19,1
2884,20,1
2884,24,1
2885,8,1
2886,20,1
2887,16,1
2887,20,1
2887,26,1
2887,61,1
2888,16,1
2889,60,1
2890,7,1
2891,12,1
2891,14,1
2892,6,1
2892,17,1
2893,6,1
2893,40,1
2893,46,1
2893,63,1
2894,23,1
2895,20,1
2896,19,1
2897,1,1
2897,17,1
2897,18,1
2899,19,1
2900,16,2
2900,33,1
2901,22,1
2901,32,1
2902,1,1
2903,1,1
2903,19,1
2903,21,1
2905,6,1
2905,10,1
2906,20,1
2906,23,1
2906,39,1
2906,52,1
2907,7,1
2907,8,1
2907,20,3
2907,62,1
2908,1,1
2908,20,1
2909,13,1
2909,23,1
2914,6,1
2914,10,1
2915,24,1
2915,26,1
2916,28,1
2916,49,1
2917,22,1
2917,32,1
2918,7,1
2919,8,1
2919,23,1
2919,29,1
2920,6,1
2920,10,1
2922,1,1
2923,7,1
2923,8,1
2923,20,3
2923,62,1
2924,23,1
2924,46,1
2924,63,1
2926,1,3
2926,18,1
2926,20,1
2926,39,1
2926,52,1
2927,4,1
2928,16,1
2928,20,1
2928,46,1
2928,63,1
2929,20,1
2929,43,1
2930,1,1
2930,18,1
2930,20,1
2930,39,1
2931,7,1
2931,8,1
2931,20,4
2931,62,1
2932,22,1
2932,32,1
2933,20,1
2934,26,1
2936,33,1
2937,20,2
2937,23,1
2938,1,1
2940,12,1
2940,14,1
2940,21,1
2941,20,1
2941,23,1
2941,58,2
2942,6,1
2942,10,1
2943,1,1
2943,18,1
2944,1,1
2944,7,1
2944,18,1
2944,62,1
2945,36,1
2946,18,1
2947,20,1
2947,24,1
2948,23,1
2948,58,1
2949,1,1
2951,1,1
2951,18,1
2951,24,1
2952,19,1
2952,20,2
2953,46,1
2953,61,1
2953,63,1
2954,24,1
2954,64,1
2955,6,1
2955,26,1
2955,52,1
2956,6,1
2956,10,1
2957,20,1
2957,60,1
2958,1,1
2958,18,1
2958,20,1
2958,43,1
2959,20,1
2959,33,1
2961,20,2
2961,64,1
2962,7,1
2962,20,2
2962,53,1
2963,15,1
2963,20,1
2965,20,1
2966,60,1
2967,20,1
2968,34,1
2969,20,1
2969,23,1
2969,38,1
2970,26,1
2971,1,1
2971,6,1
2971,20,2
2971,49,1
2972,9,1
2972,20,1
2972,33,1
2974,18,1
2975,7,1
2975,8,1
2976,10,1
2976,29,1
2976,32,1
2977,1,1
2977,60,1
2978,19,1
2978,24,1
2979,20,1
2979,27,1
2980,41,1
2980,43,1
2980,51,1
2980,56,1
2980,57,2
2981,6,1
2981,10,1
2982,49,1
2983,21,1
2983,24,1
2983,64,1
2984,1,1
2984,17,1
2984,18,1
2984,19,1
2984,20,1
2984,45,1
2985,49,1
2986,6,1
2986,10,1
2987,1,1
2988,19,1
2988,20,1
2989,6,1
2989,10,1
2990,33,1
2991,19,1
2991,24,1
2992,7,1
2992,8,1
2992,27,1
2993,20,2
2993,24,1
2994,1,1
2994,16,1
2994,17,1
2994,23,1
2995,33,1
2996,7,2
2996,8,1
2996,57,1
2998,17,1
3001,17,1
3001,23,1
3002,7,1
3002,8,1
3002,21,2
3003,7,1
3004,20,1
3005,19,1
3006,1,1
3006,18,1
3006,39,1
3006,45,2
3006,49,1
3007,2,1
3007,19,1
3007,20,3
3008,7,1
3008,20,1
3008,29,1
3009,17,1
3009,39,1
3009,64,1
3010,20,1
3010,23,2
3010,30,1
3010,31,1
3011,19,1
3011,26,1
3013,22,1
3013,39,1
3015,1,1
3015,2,1
3015,20,1
3016,6,1
3016,10,1
3018,7,1
3018,8,1
3018,20,3
3018,62,1
3019,18,1
3020,1,1
3020,18,1
3020,19,1
3020,20,1
3020,24,1
3021,31,1
3022,7,1
3023,33,1
3023,46,1
3023,63,1
3025,1,1
3025,18,1
3025,19,1
3025,26,1
3026,24,1
3028,1,1
3028,20,2
3029,12,1
3029,14,1
3030,7,1
3030,8,1
3030,20,2
3030,23,1
3030,62,1
3031,23,2
3031,26,1
3032,15,1
3033,20,1
3033,26,1
3033,60,1
3034,1,1
3035,1,1
3035,17,1
3035,18,1
3036,19,2
3036,64,1
3037,6,1
3037,10,1
3039,19,1
3039,20,2
3039,23,1
3040,19,1
3040,20,1
3041,6,1
3041,10,1
3042,12,1
3042,14,1
3043,59,1
3044,26,1
3044,43,1
3044,57,1
3045,20,1
3046,20,1
3048,38,1
3049,33,1
3049,39,1
3050,6,1
3050,10,1
3051,52,1
3053,20,1
3053,22,1
3054,22,1
3054,32,1
3055,20,1
3056,20,1
3056,26,2
3057,22,1
3057,43,1
3058,1,1
3058,4,1
3060,15,1
3060,20,1
3060,32,1
3061,33,1
3062,23,2
3063,6,1
3063,10,1
3065,8,1
3066,51,1
3069,1,1
3069,18,1
3069,19,1
3070,14,1
3070,60,1
3071,20,1
3072,19,1
3072,23,1
3073,6,1
3073,10,1
3074,19,1
3074,20,1
3074,23,1
3074,52,1
3075,1,1
3075,18,1
3075,19,1
3075,20,1
3076,21,1
3076,33,1
3077,26,1
3078,44,1
3078,62,1
3080,19,1
3080,20,1
3080,24,1
3081,23,1
3081,46,1
3081,63,1
3082,46,1
3082,63,1
3084,15,1
3084,19,1
3084,24,1
3084,32,1
3086,1,1
3086,17,1
3087,6,1
3087,10,1
3088,6,1
3088,10,1
3089,1,1
3089,19,1
3090,20,1
3091,7,1
3091,8,1
3091,20,2
3093,1,1
3093,19,1
3094,26,1
3094,27,1
3095,1,1
3095,23,1
3096,1,1
3096,17,1
3096,19,2
3096,52,1
3097,7,1
3098,1,1
3098,17,1
3098,18,1
3098,19,1
3098,39,1
3099,6,1
3099,10,1
3100,33,1
3101,20,1
3101,33,2
3102,1,1
3102,43,1
3102,57,1
3103,19,1
3104,20,1
3104,33,1
3105,4,1
3106,17,1
3106,19,1
3107,1,1
3107,18,1
3107,19,1
3107,20,1
3107,24,1
3108,17,1
3108,58,1
3109,20,1
3110,20,1
3110,26,1
3111,1,1
3111,19,1
3111,22,1
3112,20,1
3113,10,1
3113,23,1
3114,18,1
3114,19,1
3114,52,1
3115,19,1
3115,20,1
3115,26,1
3116,17,1
3117,19,1
3117,22,1
3117,24,1
3119,20,1
3120,17,1
3120,43,1
3120,64,1
3121,12,1
3121,42,1
3122,20,1
3123,1,1
3123,6,1
3123,20,1
3123,52,1
3124,17,1
3126,1,1
3126,17,1
3127,19,1
3128,2,1
3128,4,1
3128,60,1
3129,17,1
3129,20,1
3130,19,1
3131,51,1
3132,20,1
3132,52,1
3133,15,1
3133,20,1
3133,32,1
3134,1,1
3134,10,1
3134,16,1
3135,1,1
3135,18,1
3135,20,1
3135,39,1
3135,52,1
3136,20,1
3136,33,1
3136,54,1
3137,19,1
3137,22,1
3137,24,1
3138,20,2
3139,20,1
3140,15,1
3142,20,2
3142,33,2
3144,16,1
3145,20,1
3145,22,1
3145,24,1
3146,15,1
3147,51,1
3148,19,1
3148,57,1
3149,20,1
3149,22,1
3150,17,1
3150,19,1
3152,7,1
3152,17,1
3152,19,1
3152,20,1
3153,19,1
3153,24,1
3154,19,1
3155,19,1
3156,20,1
3156,23,1
3158,1,1
3158,19,1
3159,20,1
3160,1,1
3160,23,1
3161,8,1
3161,29,1
3162,19,1
3162,24,1
3163,24,1
3163,64,1
3164,20,1
3164,26,1
3165,20,1
3165,39,1
3166,7,1
3166,23,1
3166,38,1
3167,17,1
3168,19,1
3168,31,1
3169,20,1
3170,19,1
3170,20,1
3170,41,1
3172,33,1
3173,19,1
3173,23,1
3173,39,1
3176,8,1
3176,23,1
3176,58,2
3178,17,1
3178,23,1
3179,19,1
3180,23,1
3181,16,1
3182,10,1
3182,21,1
3186,20,1
3186,61,1
3187,19,1
3187,20,1
3187,64,1
3188,8,1
3188,20,1
3189,6,1
3189,35,1
3190,19,1
3191,7,1
3191,8,1
3191,20,3
3191,62,1
3192,6,1
3194,1,2
3194,18,1
3194,20,1
3194,38,1
3196,20,1
3197,7,1
3197,8,1
3197,20,3
3197,62,1
3198,46,1
3198,63,1
3199,16,1
3199,20,1
3199,23,1
3200,19,1
3200,24,1
3200,39,1
3201,19,1
3202,6,1
3202,10,1
3203,19,2
3204,16,1
3204,20,2
3205,6,1
3205,10,1
3206,17,1
3206,18,1
3207,19,1
3208,9,1
3208,21,3
3210,6,1
3210,10,1
3211,20,1
3211,64,1
3212,1,1
3213,7,1
3213,8,1
3213,20,2
3213,62,1
3214,6,1
3214,19,1
3215,1,1
3215,23,1
3215,60,1
3216,23,1
3216,33,1
3217,1,1
3217,20,1
3217,60,1
3217,61,1
3218,20,1
3219,6,1
3219,20,1
3219,22,1
3219,26,2
3219,52,1
3220,1,1
3220,15,1
3220,18,1
3220,20,2
3220,32,1
3221,16,1
3222,1,1
3222,20,2
3222,22,1
3222,26,1
3223,22,1
3223,41,1
3225,20,1
3227,1,1
3227,20,1
3227,33,1
3228,1,1
3228,7,1
3228,18,1
3228,62,1
3229,20,1
3229,62,1
3230,20,1
3230,23,1
3233,15,1
3235,1,2
3235,2,1
3235,18,1
3235,19,1
3235,20,1
3236,20,1
3236,21,3
3236,38,1
3237,14,1
3237,19,1
3238,23,1
3239,20,1
3239,23,1
3240,1,2
3240,18,1
3240,19,2
3240,20,1
3241,54,1
3242,51,1
3244,6,1
3244,10,1
3245,17,1
3245,58,1
3246,23,1
3246,31,1
3246,38,1
3248,20,1
3250,6,1
3250,10,1
3252,6,1
3252,10,1
3253,14,1
3253,23,1
3253,61,1
3254,8,1
3255,17,1
3255,19,1
3256,22,1
3256,43,1
3257,7,1
3257,45,1
3258,1,1
3258,20,2
3259,23,1
3259,57,1
3261,7,1
3261,20,1
3261,60,1
3262,8,1
3262,20,1
3264,16,1
3265,9,1
3267,18,1
3268,15,1
3268,39,1
3269,43,1
3270,20,1
3270,26,1
3272,20,1
3272,26,1
3273,18,1
3273,20,1
3273,31,1
3273,38,1
3274,1,1
3274,20,1
3274,35,1
3275,23,1
3277,21,1
3277,31,1
3278,1,1
3278,20,2
3278,26,1
3279,15,1
3280,58,1
3281,60,1
3282,1,1
3282,23,1
3282,31,1
3282,51,1
3283,6,1
3283,24,1
3284,24,1
3284,64,1
3286,6,1
3286,26,1
3287,8,2
3288,20,1
3288,43,1
3288,57,1
3289,16,1
3289,35,1
3290,8,1
3290,14,1
3290,23,1
3291,33,1
3291,34,1
3292,17,1
3293,20,1
3293,21,3
3294,19,1
3294,20,1
3295,1,1
3295,9,1
3295,18,1
3295,20,1
3295,37,1
3295,39,2
3296,24,1
3296,64,1
3297,1,1
3297,23,1
3297,47,1
3299,19,1
3299,52,1
3300,20,1
3301,23,2
3302,7,1
3302,8,1
3302,20,1
3303,7,1
3303,8,1
3303,20,3
3303,62,1
3304,23,1
3304,35,1
3305,23,1
3306,23,1
3306,46,1
3306,63,1
3307,1,1
3307,19,1
3307,20,1
3309,20,2
3309,60,2
3310,8,1
3311,19,1
3311,26,1
3311,39,1
3312,19,1
3312,39,1
3313,20,1
3313,24,1
3314,6,1
3314,10,1
3315,46,1
3315,54,1
3315,63,1
3316,20,1
3317,20,1
3319,23,1
3320,17,1
3320,40,1
3321,7,1
3322,16,1
3324,10,1
3325,6,1
3325,10,1
3328,17,1
3329,20,1
3329,23,1
3330,1,1
3330,10,1
3331,23,1
3332,12,1
3332,14,1
3333,19,1
3333,20,1
3334,1,1
3334,20,1
3335,1,1
3335,15,1
3335,18,1
3335,19,1
3335,20,1
3336,20,1
3338,14,1
3339,1,1
3339,19,1
3340,1,1
3340,20,1
3340,44,1
3340,52,2
3341,21,1
3342,7,1
3342,8,1
3342,20,4
3343,19,1
3343,20,1
3344,19,1
3346,33,1
3348,18,1
3348,20,1
3351,20,1
3351,35,1
3352,21,1
3352,35,1
3354,33,1
3355,19,1
3357,21,3
3358,6,1
3358,22,1
3359,6,1
3359,19,1
3360,9,1
3360,34,1
3361,19,1
3361,20,1
3362,20,1
3362,51,1
3362,64,1
3363,1,1
3363,18,1
3363,19,1
3364,19,1
3364,20,2
3364,45,1
3366,1,1
3368,23,2
3369,1,1
3369,18,1
3369,19,1
3369,20,1
3369,22,1
3369,51,1
3372,8,1
3372,33,1
3373,6,1
3373,15,1
3373,20,1
3373,64,1
3374,51,1
3374,64,1
3375,19,1
3376,46,1
3376,63,1
3378,1,2
3378,16,1
3378,18,1
3378,33,3
3379,6,1
3379,10,1
3380,17,1
3380,20,1
3381,1,1
3381,2,1
3381,18,1
3382,41,1
3383,20,1
3383,21,2
3384,19,1
3384,52,1
3385,17,1
3386,20,1
3387,16,1
3388,7,1
3388,8,1
3388,20,3
3388,62,1
3390,20,1
3391,20,1
3391,21,1
3392,33,1
3393,1,1
3393,17,1
3393,18,1
3393,19,1
3393,20,1
3393,39,1
3394,1,1
3394,19,1
3394,20,1
3394,23,1
3394,52,1
3396,7,1
3396,29,1
3398,33,1
3399,18,1
3399,20,1
3400,6,1
3401,20,1
3401,22,1
3402,2,1
3402,6,1
3403,43,1
3404,8,1
3404,23,2
3405,20,2
3405,23,1
3407,17,1
3408,22,1
3409,15,1
3410,20,1
3410,53,1
3411,19,1
3411,24,1
3412,24,1
3412,64,1
3413,20,1
3414,1,1
3414,16,1
3414,18,1
3415,19,1
3416,57,1
3417,19,1
3417,38,1
3418,1,1
3418,47,1
3418,57,1
3419,17,1
3419,19,1
3419,20,1
3420,1,1
3420,33,1
3422,52,2
3423,15,1
3423,19,1
3423,24,1
3423,32,1
3424,1,1
3424,20,1
3424,52,1
3425,8,1
3425,11,1
3425,31,1
3426,20,1
3427,16,1
3428,16,1
3429,19,1
3429,24,1
3430,1,1
3430,24,1
3430,26,1
3430,60,1
3431,19,1
3432,19,2
3432,21,1
3434,17,1
3434,26,1
3435,7,2
3435,20,2
3439,7,1
3439,8,1
3439,20,3
3439,23,1
3439,62,1
3440,12,1
3440,23,1
3440,26,1
3440,41,1
3440,42,1
3441,20,1
3441,23,1
3443,23,1
3444,16,1
3445,15,1
3445,20,2
3446,36,1
3447,53,1
3448,33,1
3448,49,1
3449,20,1
3449,26,1
3450,19,1
3451,19,1
3451,22,1
3452,1,1
3452,6,1
3452,35,2
3452,51,1
3453,1,1
3454,57,1
3457,6,1
3457,26,1
3458,19,1
3459,16,1
3460,21,1
3461,8,1
3461,26,1
3463,61,1
3466,1,1
3466,18,1
3466,19,2
3466,35,1
3466,44,1
3467,20,2
3467,23,1
3467,26,1
3467,40,1
3467,66,1
3468,41,1
3468,64,1
3469,7,1
3470,7,1
3472,17,1
3473,16,1
3473,57,2
3473,61,1
3475,6,1
3475,10,1
3476,20,1
3476,23,1
3477,51,1
3478,1,1
3478,18,1
3478,20,2
3478,38,1
3479,20,1
3480,40,1
3480,51,1
3481,23,1
3482,20,1
3483,43,1
3484,1,1
3484,17,1
3484,24,2
3486,20,1
3488,19,2
3489,16,1
3490,21,1
3491,8,1
3491,37,1
3492,17,1
3492,19,1
3492,20,1
3494,20,2
3494,22,1
3494,53,1
3495,1,1
3495,24,1
3495,64,1
3496,20,2
3496,23,1
3497,1,1
3498,23,1
3498,24,1
3498,64,1
3499,52,1
3500,32,1
3500,46,1
3500,47,1
3500,63,1
3501,6,1
3501,10,1
3502,9,1
3503,1,1
3503,20,1
3504,9,1
3504,20,2
3504,39,1
3505,14,1
3505,19,1
3505,20,1
3506,8,1
3506,20,1
3506,64,1
3507,7,1
3507,8,1
3507,20,2
3507,62,1
3508,17,1
